16,18,106,20,50,0,106,66,20,16,49,48,79,16,48,125,48,107,36,64,210,106,2,56,17,38,227,80,210,51,41,37,79,0,107,2,86,34,79,54,78,108,34,87,64,122,107,111,21,44,122,35,52,18,92,104,125,41,100,126,125,53,37,40,125,20,32,100,52,44,21,19,57,37,40,5,87,52,81,78,107,65,100,80,111,87,92,53,106,51,54,36,108,78,87,1,17,210,21,82,140,3,49,51,78,36,2,74,17,106,40,44,106,20,86,56,140,52,1,107,80,111,34,48,106,86,44,86,2,100,37,17,100,210,34,80,18,227,125,210,56,100,108,3,2,4,111,104,33,56
2,227,87,48,44,20,106,100,104,2,41,32,64,53,87,37,126,74,210,107,56,97,16,126,51,2,111,108,4,86,86,66,65,80,64,49,79,56,51,140,82,122,81,107,111,48,49,57,108,56,125,34,82,58,49,227,2,104,108,96,210,38,20,140,56,64,82,17,57,16,19,81,210,140,82,86,5,38,122,54,17,36,2,64,49,48,227,104,92,41,56,41,33,57,66,122,51,44,36,81,36,66,41,100,125,51,53,5,33,74,57,2,100,66,64,65,140,108,35,17,18,122,3,48,3,40,35,50,104,74,5,82,82,107,20,35,74,104,104,16,52,4,111,52,21,82,58,82,17,140
122,0,19,78,100,52,48,104,64,36,37,36,38,65,98,78,37,49,2,78,48,227,48,36,54,210,51,58,126,19,33,96,104,36,86,18,104,36,48,58,44,74,86,122,82,0,79,111,104,57,48,41,81,140,34,44,125,65,5,78,125,74,80,54,3,4,111,4,3,79,51,126,87,16,5,92,86,37,36,56,18,3,122,107,18,80,82,54,3,4,1,37,96,126,227,104,1,74,107,1,100,97,79,140,81,1,57,16,80,86,1,106,82,37,54,49,111,40,100,140,64,74,37,111,74,111,106,17,41,79,64,140,104,122,1,74,16,80,41,16,35,17,50,21,104,57,41,50,140,36
49,107,1,79,53,34,54,57,35,50,92,57,126,87,33,41,35,100,36,4,19,86,16,56,56,82,5,81,100,3,1,74,66,34,49,87,79,38,107,56,86,34,64,87,58,96,5,53,52,122,108,19,19,49,36,97,48,64,210,38,227,5,66,51,16,92,2,57,0,36,58,20,50,48,56,86,50,210,106,3,36,227,34,19,140,100,16,100,100,97,227,37,5,17,106,48,87,41,38,111,1,40,1,50,48,37,49,66,57,122,51,44,53,92,2,100,74,51,210,58,64,107,108,104,49,48,80,87,104,98,52,36,53,65,52,4,98,37,74,36,50,52,49,81,50,50,86,3,227,51
4,19,38,97,44,66,81,20,108,80,108,34,40,56,33,41,32,122,19,227,44,5,33,98,106,107,140,98,81,78,40,48,82,54,4,74,33,16,87,126,210,54,64,66,92,98,97,81,5,122,74,50,86,20,44,34,111,49,35,98,100,44,4,126,1,53,82,20,79,65,97,17,122,140,74,96,79,49,227,96,122,3,79,107,98,87,96,82,50,32,140,3,126,65,3,74,53,227,32,108,56,210,122,2,41,210,32,79,98,32,97,227,34,125,78,41,82,106,227,1,21,0,87,16,57,107,125,34,92,18,36,66,78,108,100,227,2,54,97,1,80,20,19,34,79,52,79,18,48,49
38,100,4,74,40,20,100,21,17,2,104,96,1,81,1,16,19,74,106,81,65,51,79,122,17,50,81,37,108,104,96,107,54,92,49,86,82,19,96,17,4,100,64,80,32,36,126,16,100,41,56,41,19,65,227,17,125,81,37,74,107,4,19,16,37,36,108,82,34,0,3,122,38,65,32,79,53,17,104,1,227,57,17,56,41,227,5,140,49,32,227,21,57,64,78,82,35,92,37,36,100,107,48,32,16,40,21,34,1,64,92,35,80,98,44,74,82,21,106,126,16,227,107,18,86,80,79,140,2,56,65,107,74,97,227,66,0,80,104,86,40,37,140,50,98,32,36,40,125,36
126,58,40,107,41,36,41,51,3,81,5,57,20,54,35,44,57,87,38,0,53,140,19,51,3,140,49,56,97,111,80,126,37,79,53,40,98,17,18,97,74,100,96,49,38,86,65,227,66,79,58,40,80,5,65,82,81,56,1,58,96,58,86,86,5,48,125,50,16,18,35,58,4,3,34,82,79,33,20,40,4,5,92,210,106,54,98,108,111,3,78,38,140,49,97,38,122,57,227,52,81,86,140,1,66,53,65,1,79,37,57,19,106,104,126,48,1,53,66,104,1,1,33,74,140,81,98,41,122,16,34,57,2,18,108,53,34,92,51,35,53,80,21,126,18,51,86,108,81,38
49,36,19,1,87,58,49,51,17,53,82,49,66,48,82,210,96,51,48,92,48,65,79,44,18,50,122,34,0,104,97,92,50,16,97,16,126,41,81,50,1,65,19,210,106,16,3,51,74,122,125,49,19,87,140,74,160,194,166,4,98,104,20,100,66,193,2,194,79,34,33,57,20,176,208,214,1,192,56,117,18,198,58,44,106,21,86,38,57,5,111,33,40,38,106,4,54,97,140,82,33,58,107,65,35,36,74,96,16,17,54,81,44,52,33,98,108,80,100,3,97,38,98,74,44,37,86,54,40,81,36,64,111,34,40,64,41,82,92,5,33,18,17,86,36,17,19,41,74,18
34,3,210,20,49,107,16,81,210,80,125,48,1,210,38,74,40,86,37,3,125,58,53,44,52,33,210,40,74,107,125,33,108,19,210,74,107,32,32,32,1,34,21,78,64,32,66,210,126,32,17,107,117,51,130,145,57,1,193,177,33,74,210,209,182,33,177,227,117,111,54,181,2,19,134,107,209,156,106,140,66,227,245,144,227,52,33,92,19,16,108,37,54,53,18,5,79,35,106,122,81,81,111,3,21,50,74,17,3,48,125,126,86,19,126,97,50,50,82,210,50,122,58,87,96,125,92,17,17,78,38,5,87,111,82,17,44,36,21,48,126,33,80,52,80,78,96,52,48,106
32,3,40,20,227,80,16,107,18,106,40,107,54,44,106,20,74,41,140,80,40,16,19,32,98,65,98,52,111,35,107,53,108,16,98,18,210,37,50,48,82,58,51,125,210,19,3,21,144,79,229,128,214,193,80,5,197,48,118,161,48,92,246,107,82,80,134,66,57,225,79,213,149,37,176,34,58,126,192,133,81,125,2,145,210,126,51,80,35,5,19,44,108,210,0,33,74,21,78,122,126,41,92,107,97,0,108,21,100,0,36,97,64,104,48,140,36,107,107,65,51,122,79,5,21,21,33,65,82,57,1,16,65,40,125,126,104,19,66,126,66,17,78,54,1,18,36,104,5,227
49,20,227,34,122,111,81,5,87,57,17,35,92,106,37,86,104,38,18,96,100,16,97,40,53,96,52,34,5,41,37,126,51,104,33,97,20,65,17,64,5,36,36,64,108,40,35,210,19,20,176,44,0,111,98,54,19,92,32,58,81,106,16,122,21,33,37,37,122,64,122,98,3,49,87,87,58,35,107,97,64,4,54,36,125,41,3,49,41,108,92,50,0,64,96,5,107,82,21,19,227,78,49,86,38,104,50,0,48,48,1,52,57,82,108,50,35,33,44,44,36,81,122,98,65,35,19,210,66,106,56,1,5,35,140,32,5,19,2,56,87,5,18,81,2,50,40,37,87,140
81,16,108,1,35,18,36,65,0,81,56,1,58,17,126,34,3,54,35,100,41,35,57,4,53,126,0,41,35,52,16,140,49,34,108,44,21,40,82,5,33,2,104,74,52,96,32,92,40,166,193,178,40,48,108,111,81,44,51,4,126,58,66,40,41,17,210,98,37,33,108,98,44,126,2,81,92,5,54,49,100,125,74,74,38,126,2,40,20,52,57,210,210,57,74,78,50,35,35,3,41,107,64,111,100,32,0,74,38,16,108,21,82,50,125,19,33,38,126,20,4,38,37,92,34,58,86,107,35,74,20,51,2,33,227,96,57,38,53,106,17,36,65,96,20,33,1,20,53,66
18,54,38,227,108,35,21,111,56,37,87,74,66,87,32,35,96,108,87,32,0,107,1,19,87,18,65,33,92,41,98,79,65,100,1,58,49,111,2,65,33,51,16,5,33,37,82,210,19,3,169,156,122,107,36,86,40,33,78,52,97,82,100,96,122,86,40,4,33,37,79,58,86,32,125,53,21,87,66,5,35,58,19,36,5,1,5,56,111,0,227,210,19,37,17,44,80,111,35,54,227,20,48,100,86,1,104,18,4,54,79,36,97,122,4,44,80,41,1,65,78,16,37,78,87,17,19,126,108,38,20,48,18,3,87,57,74,227,92,34,54,122,64,1,21,80,81,5,48,108
49,52,32,36,107,92,210,210,44,82,33,53,40,52,58,52,97,19,44,100,79,33,16,64,57,210,40,2,36,54,106,32,4,5,51,50,38,108,98,80,52,97,64,97,107,165,19,51,38,74,4,97,111,80,140,96,48,210,58,40,227,35,66,53,40,57,49,210,98,78,65,5,1,74,49,100,107,18,78,21,1,20,87,78,33,48,107,19,2,51,21,1,38,35,210,54,21,1,51,34,107,52,82,36,32,49,111,122,17,80,48,54,1,50,32,74,3,52,81,65,2,210,37,74,56,18,98,210,3,80,18,2,37,87,210,126,98,4,41,64,32,97,65,140,48,92,82,80,80,81
64,19,82,36,52,210,4,104,78,82,44,20,1,74,41,52,56,96,32,227,80,48,17,17,21,78,107,35,21,34,96,74,210,4,79,17,122,1,92,17,0,82,50,140,92,198,97,79,56,79,50,33,21,3,107,37,49,125,0,108,44,82,100,19,41,34,125,140,48,74,96,50,38,1,50,48,57,16,66,4,50,125,38,2,41,57,49,35,54,52,54,78,0,126,52,87,18,80,87,122,82,82,65,36,79,17,16,92,104,125,35,48,49,74,74,17,34,227,44,96,44,106,49,104,52,80,100,78,97,53,126,104,54,97,81,107,79,41,36,140,65,106,48,56,40,41,19,33,111,81
82,0,53,108,108,92,18,38,3,41,210,34,100,51,37,40,98,58,32,65,51,3,0,107,17,32,210,35,36,104,52,4,51,108,3,44,16,65,32,34,34,38,82,19,5,64,19,111,78,0,58,20,17,87,100,92,2,21,82,97,1,86,86,4,111,65,5,56,21,5,1,36,66,2,122,49,4,2,66,65,32,97,140,107,97,37,57,20,64,80,82,36,66,20,18,4,34,2,140,50,17,21,125,98,79,36,78,107,56,66,106,21,37,52,56,92,35,4,38,122,53,38,56,106,48,100,44,107,227,97,52,1,92,98,210,66,100,17,49,51,35,96,34,98,48,82,33,108,79,48
44,96,35,21,33,34,64,52,21,4,140,33,38,125,65,86,140,58,19,227,48,3,108,19,87,78,54,111,18,98,0,52,104,54,1,81,35,0,64,20,33,38,81,78,66,64,34,54,41,20,48,48,65,65,97,122,64,41,41,19,36,18,140,107,36,20,111,52,37,18,78,40,58,2,53,1,52,111,81,40,3,79,86,125,19,78,227,1,111,126,49,50,122,35,80,56,34,52,57,210,19,87,40,56,96,58,20,210,48,64,18,2,44,140,86,49,19,35,111,51,3,35,37,3,57,79,18,210,49,64,0,44,87,64,125,38,100,36,107,111,4,100,122,100,37,33,65,34,74,41
41,122,17,54,65,41,65,20,98,54,78,5,87,66,100,122,44,17,65,35,51,48,97,56,64,3,35,37,104,49,20,125,41,17,97,54,86,37,40,87,1,18,79,149,224,80,122,126,58,48,50,0,97,48,2,38,40,106,3,41,38,227,92,74,227,140,104,38,49,33,210,98,66,17,125,53,56,79,51,108,0,81,92,41,227,96,36,2,16,125,227,53,100,56,50,5,20,210,210,104,58,21,17,19,17,48,79,54,98,92,35,20,81,56,33,111,80,87,51,125,18,74,122,36,80,35,64,78,48,40,86,19,97,4,49,126,19,49,100,52,49,50,50,58,33,19,79,80,87,16
41,58,37,54,126,140,40,108,210,4,98,20,51,40,82,98,122,56,1,98,17,21,80,100,66,44,33,125,96,107,40,49,41,106,44,58,19,79,35,125,38,81,92,21,122,100,56,17,140,111,51,66,122,171,64,129,35,106,35,66,38,104,92,210,107,97,80,80,38,100,58,38,52,38,104,40,87,2,34,80,54,107,37,16,20,37,37,32,97,51,17,125,106,57,0,35,35,81,51,32,36,104,122,37,65,21,126,100,0,33,81,104,65,86,37,16,227,32,49,66,96,92,125,5,78,104,50,50,50,18,126,100,81,104,111,52,21,58,35,210,40,122,58,74,38,18,86,106,81,1
51,33,65,0,2,140,5,34,49,48,74,86,126,58,65,140,40,92,53,56,37,41,79,17,58,20,100,1,54,79,3,107,107,58,41,34,87,96,36,98,65,49,3,2,107,19,104,96,19,80,17,79,66,173,78,1,106,19,40,86,38,210,19,5,57,81,140,48,20,40,74,53,100,107,125,79,125,126,92,111,96,64,34,40,0,58,20,80,3,1,40,33,2,49,19,53,100,81,106,53,54,92,96,66,21,5,4,51,78,80,82,140,81,5,82,87,51,107,54,33,80,92,36,87,34,81,1,86,3,35,0,111,17,44,35,227,34,54,125,19,126,44,80,36,106,140,126,48,126,52
16,18,51,18,106,65,17,54,35,50,35,126,64,111,49,82,96,48,57,4,20,78,81,197,171,58,80,178,108,98,181,4,54,118,230,169,32,227,128,145,5,79,33,56,74,108,140,64,81,20,4,126,245,78,50,181,111,100,122,100,82,125,107,210,98,54,108,210,98,125,79,38,57,66,51,108,54,66,35,52,44,97,86,40,81,1,19,107,111,2,74,66,92,64,20,1,64,52,107,44,87,48,82,50,19,65,36,51,40,49,20,21,51,97,18,125,100,35,210,81,108,107,78,86,0,56,227,5,37,92,57,140,58,51,0,58,140,58,140,54,98,32,111,51,106,96,65,80,126,65
54,36,86,40,227,65,18,210,37,34,78,57,74,86,97,66,37,64,52,53,107,57,56,176,98,97,35,2,36,150,34,130,166,130,130,65,227,33,225,100,87,54,34,160,82,49,57,51,126,2,44,37,48,122,79,197,78,41,35,82,4,66,86,2,2,49,98,41,4,66,140,104,52,82,16,44,104,97,87,54,53,18,92,104,100,32,64,106,40,106,80,17,111,56,100,100,210,86,58,41,19,107,41,41,82,37,227,98,78,0,35,78,56,17,100,66,38,98,80,50,210,53,32,96,16,81,53,3,58,79,78,51,1,58,2,97,104,37,4,40,5,44,74,44,111,56,40,44,5,79
108,56,98,56,41,74,41,50,35,1,125,56,33,57,1,44,34,32,98,35,17,19,37,78,97,74,125,80,38,3,19,38,20,38,74,33,79,58,122,20,92,166,165,78,133,86,38,32,78,36,32,125,246,106,140,16,38,98,40,34,82,51,82,5,49,21,100,50,210,37,19,81,40,3,0,58,74,227,33,106,104,122,92,210,111,97,16,111,111,57,87,21,18,32,50,108,51,80,122,122,40,79,38,78,56,86,1,97,122,108,50,35,2,18,64,4,41,37,86,20,65,49,74,20,125,40,41,1,18,108,4,98,20,32,18,40,86,51,65,18,40,65,4,227,82,92,18,106,80,18
40,104,56,18,122,19,32,104,66,33,38,34,56,52,92,21,78,20,57,17,37,40,1,176,52,74,108,44,86,17,32,19,35,52,35,20,49,50,80,96,140,104,56,40,104,227,4,210,66,140,86,4,21,227,181,197,52,0,17,54,79,81,56,48,54,108,107,100,98,41,81,41,54,106,210,36,78,32,96,86,65,64,64,58,37,56,16,64,38,37,36,19,5,56,36,38,140,108,48,18,2,20,210,36,18,74,122,65,122,65,87,4,48,64,65,34,32,18,34,50,104,52,21,140,79,65,41,41,3,66,106,80,74,54,19,53,227,57,50,48,0,79,78,37,106,74,40,81,126,35
19,66,82,51,78,65,32,17,18,79,56,34,108,50,122,4,38,36,21,111,81,4,19,208,50,19,1,41,56,100,64,48,2,19,33,96,97,0,41,33,58,140,111,225,50,86,4,37,3,107,106,56,161,170,156,104,96,1,53,82,87,44,56,82,125,81,4,65,5,78,50,16,56,86,104,4,87,4,92,87,122,74,79,125,125,92,19,100,0,108,16,65,32,53,65,49,49,21,19,49,17,1,79,227,104,96,49,4,80,125,38,40,86,21,80,50,44,18,64,210,18,37,104,50,86,111,210,17,54,227,36,4,35,65,108,140,126,40,87,49,100,66,35,44,35,96,86,57,34,97
65,44,5,37,19,20,106,74,35,65,5,80,96,4,57,53,0,50,104,98,104,96,20,129,36,0,2,35,57,53,49,126,81,74,126,64,1,18,53,66,1,3,32,38,1,122,104,79,210,96,4,96,79,41,126,35,210,210,78,35,57,86,126,86,18,126,48,33,100,100,111,210,97,92,106,0,34,104,126,5,17,19,2,48,82,104,66,18,21,0,210,38,78,66,100,1,33,3,38,57,37,100,16,34,79,79,57,51,66,111,86,50,87,21,32,96,87,122,81,80,104,37,210,0,54,40,51,16,49,56,4,20,32,96,17,100,0,64,81,40,66,44,54,53,2,125,53,51,87,0
122,122,98,57,51,2,0,44,78,97,64,58,19,16,104,125,64,122,122,44,32,140,227,129,125,44,58,49,36,108,65,122,20,80,106,108,37,210,4,33,97,17,50,56,82,78,106,65,49,140,107,107,5,130,175,134,56,4,122,107,107,79,81,41,79,44,44,57,111,78,108,17,3,56,19,86,41,20,111,41,210,122,86,49,96,3,20,17,74,38,100,81,36,56,34,108,58,35,107,16,80,49,79,2,3,40,1,37,97,122,65,36,97,97,87,17,87,78,87,86,57,3,108,87,92,126,17,107,51,48,54,92,1,106,35,3,66,79,50,126,52,58,97,17,50,18,86,4,18,108
86,111,87,106,57,92,86,140,50,17,20,86,86,44,108,16,20,52,106,65,125,48,64,79,5,58,36,98,79,54,97,65,5,32,34,98,86,100,107,86,107,50,0,107,21,106,111,111,5,56,34,74,58,125,140,65,52,56,18,66,78,49,80,41,5,52,96,33,20,140,21,51,66,21,65,111,41,74,16,125,111,35,106,35,35,16,126,32,79,50,19,79,3,227,104,58,17,107,210,92,53,16,53,98,2,48,54,38,53,0,171,19,162,146,193,4,52,78,140,56,49,82,21,66,20,97,108,74,0,37,33,111,126,49,80,108,51,126,36,106,126,108,54,92,97,37,40,80,82,34
140,57,140,65,111,210,20,81,0,79,40,20,98,65,98,21,98,100,41,16,74,52,78,44,80,34,104,86,227,19,87,36,125,81,64,17,97,126,49,57,66,17,78,104,4,36,20,87,100,57,122,21,50,111,87,41,33,53,34,100,210,32,5,33,86,65,53,32,92,53,52,3,2,48,37,40,53,1,79,52,34,53,20,35,19,111,53,36,74,58,33,111,92,86,98,125,18,36,111,56,98,16,41,20,86,92,96,4,50,48,193,125,171,86,154,82,50,209,146,194,78,150,198,21,5,35,18,65,100,92,40,18,92,111,125,57,32,97,97,50,227,126,21,57,108,81,35,51,64,65
79,53,86,65,53,21,54,16,2,122,97,65,32,44,5,74,18,106,40,33,16,19,108,162,18,37,66,21,44,37,100,51,1,79,52,54,111,81,65,35,125,86,34,35,36,36,66,87,37,140,20,4,37,104,140,17,86,226,36,41,53,64,111,82,126,33,56,140,5,51,227,16,87,66,48,58,65,37,18,66,0,4,140,35,79,66,66,140,37,82,86,40,111,104,104,96,51,104,20,16,122,96,74,35,2,34,49,38,18,92,126,172,157,54,40,58,65,161,3,227,44,174,168,140,0,36,86,126,122,21,32,108,111,107,4,17,3,82,34,32,0,81,41,78,126,100,125,51,18,92
32,54,16,111,36,0,106,80,106,18,108,140,57,57,81,87,106,37,1,57,58,19,82,37,3,140,3,210,32,18,79,52,65,2,49,140,80,107,53,81,140,126,125,17,4,36,96,108,52,1,33,81,64,92,140,44,0,226,182,86,157,35,100,106,32,50,0,79,97,81,50,122,125,107,74,51,36,227,36,58,40,87,79,16,78,32,80,87,108,19,111,33,20,53,122,227,227,80,41,97,111,18,79,96,111,78,227,106,32,57,194,81,175,125,38,87,92,79,197,81,108,58,98,35,53,18,3,126,65,18,125,38,87,107,81,97,33,48,98,49,35,49,44,98,4,17,35,51,66,96
50,50,17,51,66,92,64,49,19,107,140,104,4,122,5,80,122,57,35,140,19,3,74,126,160,134,98,3,17,1,108,92,52,98,66,54,96,106,54,65,58,4,32,107,17,81,104,40,5,66,108,17,44,5,210,44,126,149,97,44,97,92,53,87,111,38,111,140,33,79,41,38,56,66,1,52,87,18,57,227,44,104,126,140,104,104,97,2,37,107,66,40,227,107,111,0,111,52,37,100,16,20,79,65,32,37,51,2,104,122,198,97,20,168,173,107,56,169,182,49,118,153,2,122,100,21,54,5,227,16,54,17,107,33,19,54,44,33,97,44,52,92,41,140,3,66,41,17,65,2
51,50,3,33,108,106,38,106,37,140,37,2,41,79,49,100,64,33,92,53,4,58,54,65,126,50,66,208,51,17,98,16,34,50,50,58,48,18,52,3,96,81,126,107,36,106,2,104,210,98,108,104,1,40,111,35,4,224,111,41,34,193,38,66,82,5,54,21,111,1,17,21,111,4,122,106,57,96,20,17,2,52,40,40,41,19,18,92,56,38,65,52,38,122,78,54,107,227,107,51,79,18,87,64,86,2,100,92,140,82,21,96,56,35,32,49,5,92,0,156,172,53,57,81,66,104,19,4,20,2,140,52,21,48,66,125,87,16,74,64,111,17,37,51,97,16,86,41,78,79
50,19,33,44,78,106,34,108,81,107,32,17,56,140,2,81,227,111,32,106,50,41,40,159,111,53,92,198,74,227,100,0,210,33,33,227,37,64,5,38,2,92,56,21,126,100,65,3,82,49,40,87,34,100,74,3,20,225,54,19,107,50,64,44,140,96,111,57,49,57,36,57,40,108,125,140,41,0,35,81,56,56,210,34,32,51,2,3,96,38,126,181,158,58,96,125,40,108,4,122,87,57,50,58,92,66,107,21,51,66,51,81,40,66,33,49,86,100,153,192,214,171,54,74,107,80,32,74,57,0,34,87,41,81,40,21,2,54,82,92,32,35,49,3,96,80,56,107,54,122
33,125,0,2,19,50,106,44,65,40,80,107,100,54,20,54,86,81,58,34,50,56,44,193,54,140,92,97,106,18,74,3,50,2,53,3,54,227,111,35,20,21,1,40,106,64,96,97,56,100,92,107,0,227,32,53,82,229,157,130,158,146,0,19,65,41,79,98,97,34,32,5,54,80,66,210,33,50,140,97,66,48,0,104,49,117,226,54,3,66,126,17,133,37,96,87,107,52,54,34,87,17,40,126,35,41,100,20,4,117,33,4,34,74,37,19,50,50,53,38,4,79,79,21,35,32,3,104,98,1,36,17,80,20,34,5,81,37,48,98,49,3,44,35,21,51,78,4,51,4
86,19,125,0,57,79,108,210,97,125,97,1,19,56,21,52,50,44,34,108,126,107,125,65,64,54,229,56,41,35,36,65,21,140,80,32,111,108,16,66,3,21,48,122,48,78,21,210,49,92,126,44,78,3,64,64,50,74,17,246,165,162,82,54,66,97,3,104,4,97,54,80,51,37,40,92,49,122,125,33,17,35,17,78,104,87,17,56,100,126,87,18,87,56,107,21,51,44,64,86,125,96,3,18,58,44,54,1,40,229,210,44,36,17,107,1,44,82,19,108,100,96,33,226,229,56,98,111,49,82,35,53,97,54,82,98,20,100,18,0,126,48,111,57,49,52,74,17,210,17
125,40,111,51,36,32,50,53,97,34,41,79,86,126,87,3,106,96,64,5,40,49,2,65,225,81,178,122,35,96,104,40,54,0,51,87,21,33,1,80,40,66,107,87,18,4,19,54,56,106,16,210,87,2,49,53,66,182,20,227,35,129,66,5,98,65,97,49,96,38,52,34,64,53,107,33,107,41,34,74,66,98,79,50,16,18,80,17,35,104,3,92,21,19,210,17,53,51,44,5,49,104,140,104,104,17,78,227,159,18,152,4,86,37,33,111,86,79,50,80,65,78,35,170,225,82,51,140,79,36,4,65,108,227,48,78,104,74,49,35,227,125,56,21,53,56,18,122,17,2
0,65,98,21,98,81,64,32,122,92,17,38,107,56,96,58,33,35,19,40,50,86,108,177,166,129,106,229,81,33,2,74,35,106,36,104,96,125,3,40,98,74,140,34,97,38,58,87,126,81,122,32,35,125,108,41,108,2,104,19,87,176,108,74,18,140,52,86,64,79,19,97,87,87,100,140,97,44,5,36,53,133,145,224,156,78,140,1,44,4,32,111,38,87,96,0,57,74,17,41,3,65,48,20,87,50,98,19,230,169,108,5,2,57,74,107,92,125,65,20,20,37,170,159,155,20,108,210,0,53,41,82,49,19,57,97,48,107,106,227,79,57,98,227,38,5,16,56,20,53
66,21,53,210,100,78,37,52,100,19,210,106,19,19,36,2,34,19,97,81,107,40,98,16,171,34,172,20,98,107,54,20,104,1,32,19,49,57,87,108,5,107,37,38,86,51,106,98,38,35,0,1,33,108,48,4,126,44,108,108,0,0,16,1,227,51,176,170,92,157,92,66,146,64,48,50,0,111,53,53,35,57,52,5,193,0,98,51,38,140,50,65,79,65,210,210,81,104,51,153,146,18,78,78,82,34,82,171,51,192,100,140,41,81,79,49,20,51,34,104,140,21,181,122,36,192,21,126,57,86,81,33,97,35,54,16,86,34,40,87,92,100,140,87,52,17,37,125,51,38
100,126,74,81,79,49,86,32,5,86,92,56,74,21,227,57,33,40,79,54,100,80,51,227,129,96,214,160,44,37,87,40,54,44,33,78,49,125,4,38,37,16,82,36,78,107,64,104,32,108,41,35,37,50,86,227,21,35,81,79,41,108,35,20,18,51,152,129,175,49,140,175,155,106,44,0,18,2,100,100,96,169,166,157,40,53,49,54,18,92,106,111,52,140,20,1,34,64,80,98,210,53,134,122,98,98,34,174,157,52,173,87,3,58,98,140,36,49,111,92,98,66,54,98,225,38,92,48,52,80,126,54,140,48,52,53,96,140,122,111,64,18,16,48,57,79,40,108,4,2
34,74,125,140,16,74,49,54,20,32,18,74,82,64,49,82,107,140,97,3,100,37,4,149,177,168,193,162,18,2,97,51,74,49,107,98,92,38,5,86,50,122,97,33,227,18,34,2,38,20,74,33,57,16,36,44,140,57,56,56,53,104,161,51,156,140,154,174,145,170,130,20,74,107,100,170,111,107,2,52,122,174,162,225,177,53,40,32,104,108,17,87,65,40,227,19,34,52,0,65,227,100,74,97,97,17,34,125,38,32,44,50,227,20,87,107,16,82,36,78,140,40,32,51,16,92,104,149,162,144,125,56,53,82,104,21,98,96,126,227,111,21,21,80,107,122,96,87,35,65
126,66,106,78,21,126,48,81,227,74,17,80,52,56,64,48,122,5,44,111,40,74,87,108,4,36,52,58,74,2,106,32,0,80,87,56,16,98,35,18,74,38,52,38,36,3,140,4,1,57,79,17,210,21,16,125,100,54,227,37,81,48,37,227,107,56,16,33,33,56,18,19,129,21,171,171,172,51,2,4,17,21,53,33,4,34,227,111,64,81,98,104,32,19,18,74,37,108,18,210,107,51,44,81,98,108,54,78,111,0,21,65,33,50,44,104,37,108,37,33,87,16,80,0,78,33,38,78,122,41,40,21,107,49,36,50,51,79,17,21,106,50,0,79,33,74,3,40,79,104
50,66,74,50,41,34,106,79,35,106,32,74,48,82,16,58,53,104,106,37,111,78,44,111,171,213,100,126,32,2,57,122,3,79,80,82,33,44,65,3,33,50,44,210,86,21,38,16,78,87,210,32,21,126,140,146,149,74,126,86,111,87,4,122,86,52,87,18,54,140,92,97,140,50,108,97,74,44,51,2,66,126,32,56,96,38,122,44,96,52,81,36,65,66,92,4,107,108,74,50,48,79,16,58,38,65,2,111,0,18,20,53,227,44,35,227,35,98,80,108,5,1,20,58,35,50,54,1,36,17,33,4,21,3,1,16,32,40,32,81,51,49,40,0,82,86,98,53,34,44
57,51,126,17,54,106,106,4,33,107,4,54,5,3,80,58,49,74,38,125,2,122,82,52,82,74,34,108,57,81,106,3,53,66,106,54,126,58,50,38,49,98,4,97,57,2,108,106,32,122,18,86,48,97,35,168,245,33,87,4,108,58,44,16,64,87,38,126,126,41,104,4,50,49,36,64,33,52,65,19,74,17,54,19,35,140,34,104,125,126,58,100,56,21,111,97,2,210,18,20,64,38,20,98,96,64,35,18,64,104,100,3,16,40,17,40,50,19,97,52,4,78,104,17,80,125,104,104,58,21,96,80,111,78,18,41,36,21,227,74,111,81,57,4,4,51,34,18,2,57
86,56,96,53,98,32,19,32,40,2,38,57,104,122,125,48,82,227,38,36,92,40,49,129,162,122,108,140,100,126,108,97,53,108,125,54,125,52,38,82,51,96,227,64,51,125,49,58,98,21,64,107,5,193,197,64,2,213,122,96,80,125,19,65,64,56,17,56,227,87,227,78,40,52,34,78,57,140,19,86,78,36,0,51,82,86,5,56,210,1,80,98,16,34,111,98,4,0,51,18,57,87,5,66,54,40,64,38,92,18,18,50,53,74,65,100,21,44,64,98,56,108,37,5,96,98,87,5,35,49,56,34,48,100,3,33,16,58,57,2,140,98,33,79,4,56,48,35,81,125
56,140,17,111,21,21,79,33,20,98,87,65,44,64,53,34,86,56,2,50,40,56,0,156,35,1,52,49,100,37,80,2,78,44,37,4,17,210,48,126,19,210,81,2,49,81,33,1,37,33,56,98,125,107,18,3,54,82,106,197,168,229,17,79,2,16,100,52,66,111,106,210,56,126,0,18,210,107,87,0,52,106,18,33,48,64,122,126,122,58,58,56,140,48,17,86,126,104,79,78,79,2,21,140,108,0,2,56,81,64,82,19,54,107,65,140,5,74,52,51,54,111,3,122,1,56,145,44,33,122,21,5,57,52,82,48,2,56,18,52,97,54,41,81,53,48,58,111,97,38
100,51,65,38,57,79,66,44,20,4,97,65,57,57,33,100,35,19,38,1,92,32,33,166,172,80,41,87,51,58,54,82,0,20,227,5,126,20,36,122,80,40,64,111,92,40,111,35,4,33,78,56,18,82,144,168,16,65,97,192,81,159,162,146,40,118,192,210,197,79,156,171,79,51,160,18,157,2,133,133,106,44,64,128,213,224,86,133,192,98,156,33,158,86,229,80,53,48,174,37,170,21,162,133,41,149,156,87,108,17,74,54,98,20,150,157,227,33,52,194,1,82,58,52,64,4,107,245,182,51,175,40,74,36,16,182,150,125,53,0,92,153,171,20,118,176,173,128,51,1
125,87,18,2,4,52,58,3,32,125,51,79,44,227,87,51,100,40,37,38,149,174,35,32,51,125,97,107,19,54,52,18,37,48,210,210,82,58,35,64,18,79,21,40,38,54,86,106,4,40,78,107,168,169,111,158,126,177,153,107,193,122,227,173,172,214,161,32,41,106,58,38,214,19,33,53,56,1,224,57,108,122,19,35,245,153,153,122,35,161,174,111,166,107,159,150,81,41,78,117,193,32,97,37,193,54,86,57,140,17,54,3,169,224,5,156,74,81,32,182,129,100,52,79,246,78,145,21,197,92,80,245,98,19,4,177,66,117,126,146,128,106,153,36,51,209,157,5,208,159
4,104,16,108,111,210,19,51,52,16,92,210,48,66,96,3,58,48,19,226,5,153,38,108,54,97,107,44,74,97,21,64,20,87,2,19,21,227,36,125,82,49,40,40,40,82,87,44,40,18,64,4,87,65,157,224,153,174,74,79,54,34,0,34,111,100,0,35,129,2,208,96,128,81,17,140,130,166,86,0,181,146,129,104,108,128,181,209,32,153,117,226,152,130,64,174,210,57,130,56,227,146,86,182,80,97,3,130,65,174,197,57,33,172,145,111,172,198,118,156,97,21,19,154,156,145,126,125,38,19,41,170,122,128,56,36,1,34,165,108,78,153,4,155,54,78,122,133,21,152
16,79,81,78,16,38,51,40,2,122,32,86,4,53,53,48,122,108,2,208,149,17,5,18,19,96,16,86,32,36,227,57,122,82,65,81,52,41,52,33,57,82,122,20,227,106,41,65,52,81,210,111,227,177,149,214,19,37,126,56,41,19,108,213,65,224,157,160,176,56,155,1,129,16,182,53,246,41,50,5,16,92,122,98,209,169,34,160,81,58,194,36,38,229,169,165,159,49,150,66,166,173,33,213,128,2,169,107,176,229,40,50,80,4,155,100,51,3,117,19,98,162,57,16,156,38,2,56,108,157,182,111,169,33,38,182,80,226,5,41,126,118,213,224,156,182,17,106,192,3
111,80,87,122,87,16,44,64,78,18,36,87,17,100,1,111,210,64,92,98,5,82,86,41,33,64,19,227,5,18,21,5,56,36,98,21,21,51,44,100,106,100,104,81,97,38,126,35,106,140,41,78,80,118,37,2,178,32,79,17,100,57,50,21,245,169,64,122,197,128,81,86,209,32,17,150,66,49,48,54,104,36,1,17,74,66,130,214,170,155,146,51,57,172,41,152,57,230,66,79,64,19,80,56,18,226,33,155,226,1,3,5,104,81,152,56,104,111,161,20,149,225,165,87,140,108,226,173,155,41,111,170,178,175,213,87,50,150,165,173,1,98,56,82,168,64,111,78,108,173
38,56,4,104,64,52,52,126,19,34,100,49,40,53,126,36,17,58,197,193,140,106,33,104,65,87,98,50,17,100,54,81,40,1,86,33,53,111,1,122,52,44,97,33,36,35,3,44,49,210,34,87,56,168,38,104,125,79,58,80,52,227,87,58,18,65,104,18,96,41,100,122,140,52,4,20,50,100,17,64,37,104,81,125,64,97,140,66,1,36,65,65,96,79,3,57,96,19,86,32,227,53,40,44,126,74,79,50,36,210,65,86,4,54,54,65,49,57,5,126,37,2,65,48,106,48,126,38,44,44,35,74,32,20,36,227,18,98,100,37,125,54,78,5,98,140,111,81,16,100
36,227,126,107,58,49,210,82,44,5,51,41,2,140,52,126,41,181,52,168,16,49,108,97,80,40,44,79,34,44,1,18,3,210,98,0,57,48,38,79,40,51,0,78,122,5,17,97,1,56,106,125,96,144,227,108,162,0,4,98,32,48,18,35,107,108,4,104,97,40,80,100,108,82,98,65,52,122,107,18,107,36,66,227,96,21,81,40,106,87,49,79,122,40,44,100,97,4,57,82,54,1,17,57,38,3,44,5,20,86,97,74,52,111,87,82,56,51,41,33,80,98,2,66,53,66,40,50,49,19,50,108,54,21,41,18,58,5,98,57,125,104,2,125,111,40,78,54,79,108
18,79,57,107,44,19,210,78,111,38,96,97,56,3,41,53,82,230,197,126,2,125,4,41,48,66,78,53,140,17,35,100,20,74,3,2,122,111,4,107,80,104,79,2,100,57,54,79,81,38,81,107,52,118,144,111,50,153,111,107,2,0,4,2,40,50,86,50,16,40,48,104,17,50,19,38,122,86,33,54,44,34,74,74,54,34,79,41,17,80,4,18,108,50,97,49,74,122,48,33,64,86,57,122,20,37,18,49,4,5,98,106,227,3,3,5,20,53,34,65,53,79,96,125,51,111,86,52,64,44,33,3,122,80,98,97,49,36,86,65,78,41,107,64,108,18,37,97,87,20
52,1,21,5,17,32,107,3,16,210,107,58,18,82,58,140,48,169,175,66,107,18,33,78,58,34,19,57,66,210,122,210,74,125,19,34,37,65,35,74,52,64,111,126,81,36,57,50,36,38,78,92,106,177,117,193,210,111,111,4,66,106,48,126,40,64,58,111,122,64,210,17,18,78,33,80,82,98,21,18,108,78,16,2,56,54,86,210,40,104,79,122,74,4,81,79,86,108,4,122,18,19,56,35,58,53,37,56,38,34,21,64,74,65,44,48,56,50,107,80,33,18,48,20,98,74,36,49,126,41,54,80,33,36,78,125,18,80,57,40,98,36,17,79,0,51,37,34,100,107
92,100,111,5,1,122,20,87,20,126,74,106,122,32,49,35,21,79,227,150,165,32,66,48,51,18,81,0,81,210,19,57,33,0,79,86,86,108,227,50,96,3,108,49,41,34,18,104,64,4,3,17,2,48,81,156,79,172,104,98,20,107,56,122,100,50,35,19,35,51,106,74,126,51,100,2,92,100,126,74,37,79,0,4,98,32,79,57,51,40,108,48,2,65,34,53,140,41,111,111,40,74,111,87,140,108,1,126,57,20,111,2,18,87,38,82,56,16,40,210,96,97,140,134,56,80,38,37,227,38,49,20,56,96,2,38,66,210,80,3,4,41,33,108,98,126,44,66,81,111
48,36,44,34,52,4,34,34,3,34,65,16,111,82,1,64,100,146,64,213,128,66,92,92,44,49,78,107,17,20,17,81,86,111,58,74,21,51,81,98,36,108,96,106,92,97,0,81,37,122,32,37,87,227,5,156,86,224,80,19,54,0,79,104,4,56,54,56,58,122,65,17,16,52,100,17,1,1,44,49,64,125,4,66,111,57,35,96,74,87,106,82,96,66,125,16,36,52,44,57,35,41,65,36,57,106,108,48,96,0,32,3,86,86,117,175,145,153,82,37,97,79,149,162,3,32,3,82,57,48,57,1,111,35,140,108,74,56,20,111,97,20,49,18,36,1,66,34,122,80
78,3,19,96,21,38,56,5,38,125,20,38,35,37,53,37,107,36,160,18,36,106,66,107,0,87,56,32,92,35,44,58,96,111,65,20,122,98,54,86,50,56,87,227,53,54,1,50,16,21,37,104,51,158,58,176,18,40,66,50,53,21,87,0,100,54,52,21,87,37,32,80,100,74,125,20,125,81,40,78,37,87,54,87,210,98,111,104,74,96,53,125,107,38,96,58,51,19,56,78,44,210,5,40,16,19,108,54,98,79,36,17,126,159,159,98,176,34,246,96,154,74,78,51,111,81,227,48,104,108,35,49,98,48,125,97,80,0,34,82,210,106,108,78,98,37,87,20,34,37
92,58,98,17,53,227,51,111,53,107,32,106,57,20,49,92,40,97,35,5,130,41,86,50,44,122,37,125,56,21,35,16,19,50,48,53,58,2,79,36,19,79,17,32,126,126,1,36,51,54,79,4,92,214,97,227,41,158,35,49,40,87,96,44,32,122,19,92,122,111,3,81,50,4,35,33,3,57,21,111,18,33,36,106,1,92,17,51,58,54,227,53,81,34,140,36,81,111,54,64,106,122,98,96,40,20,34,41,16,66,54,44,149,176,3,37,65,128,149,134,74,161,149,82,74,0,21,2,92,104,40,108,51,79,32,33,56,65,32,106,227,140,51,54,80,64,104,58,56,82
5,108,54,21,37,97,80,98,98,1,3,96,1,20,18,16,51,1,3,178,1,64,19,54,111,97,104,4,48,64,37,21,18,37,53,92,36,58,100,100,97,33,40,122,58,54,96,80,33,98,38,20,104,52,214,130,129,81,32,227,54,18,16,18,79,40,18,92,58,3,108,18,125,49,125,106,78,79,38,92,48,21,4,111,65,17,34,32,80,54,35,19,52,36,51,106,41,86,4,53,5,80,44,3,56,37,125,56,74,51,51,97,56,170,0,49,144,230,144,106,126,48,157,2,74,65,98,53,82,41,21,58,140,82,227,5,81,87,125,5,40,65,35,52,17,32,49,18,0,18
19,41,98,56,80,19,33,140,37,227,100,64,35,100,107,111,97,2,111,3,49,82,87,58,38,125,227,34,5,126,21,32,79,106,52,19,40,2,53,50,5,32,96,1,38,56,125,49,80,41,0,78,78,17,170,152,171,226,50,104,54,74,1,92,3,58,227,19,106,111,5,106,38,107,108,5,54,65,17,34,5,1,44,3,79,140,86,210,111,100,17,86,34,37,21,58,210,227,32,56,140,21,18,78,81,34,49,40,108,1,125,126,181,149,58,18,176,134,129,97,2,153,129,33,19,98,227,74,20,66,44,58,57,4,125,100,33,54,32,140,104,65,0,58,64,4,92,0,126,125
53,65,97,65,4,87,82,41,140,100,53,86,86,108,40,38,74,224,133,153,96,56,96,36,227,66,17,51,140,16,96,38,104,210,86,0,65,126,16,82,81,3,16,33,64,54,17,52,65,87,33,20,35,86,166,17,178,171,16,106,65,36,35,126,66,1,79,64,82,86,125,36,52,0,18,38,44,122,52,87,210,38,58,35,86,5,1,44,32,122,86,107,97,1,86,1,54,5,65,53,53,140,122,140,57,82,49,16,82,175,133,150,74,58,161,81,36,54,57,209,165,56,17,98,44,122,140,19,125,34,122,5,54,64,82,19,66,81,87,2,1,33,44,78,106,3,125,56,100,3
82,111,4,32,16,51,44,126,37,82,21,140,33,125,58,65,33,92,1,125,145,100,107,32,210,80,108,58,48,4,36,65,140,65,51,0,34,107,1,98,210,17,65,126,92,97,66,40,4,78,107,79,20,97,159,106,106,104,82,82,52,53,44,56,21,49,56,21,54,40,227,53,48,74,2,111,106,52,106,104,53,64,81,56,125,78,227,32,96,58,108,1,50,64,57,104,54,48,111,140,44,78,87,44,107,246,100,97,38,193,225,245,53,32,65,50,38,80,4,50,96,81,35,210,86,108,51,36,37,104,20,19,108,37,32,17,54,19,38,79,122,20,58,52,74,1,104,64,4,37
35,17,19,48,64,81,48,4,125,97,100,64,210,40,87,96,20,52,182,53,245,56,50,44,126,3,56,36,125,1,100,21,87,50,50,111,64,38,40,35,5,48,57,32,2,3,64,32,4,35,17,210,21,118,65,104,92,149,16,4,111,108,227,0,98,64,19,107,92,5,44,44,56,2,74,92,50,52,50,125,1,108,86,108,21,37,126,54,41,54,41,87,66,36,108,34,107,87,19,126,81,117,172,18,5,32,174,168,21,106,126,175,80,98,33,66,82,106,140,82,140,96,3,17,227,0,48,34,4,92,18,19,51,104,100,87,52,51,66,78,122,53,51,108,97,65,96,81,106,2
17,78,35,140,78,18,58,108,3,36,44,17,48,38,78,51,96,226,57,130,156,82,210,21,140,64,227,100,97,126,48,108,18,50,126,58,3,80,41,18,51,104,33,81,54,50,81,58,96,87,106,107,20,178,140,3,150,162,44,96,49,35,50,111,50,41,52,107,98,108,3,50,81,96,33,64,122,66,104,111,86,106,20,122,37,16,104,37,125,48,86,100,92,18,82,58,40,108,2,49,58,37,134,100,0,100,92,111,227,64,74,64,56,52,87,108,5,104,82,18,227,2,81,53,1,5,87,2,34,125,87,44,4,65,106,86,64,96,78,107,20,52,81,20,96,18,53,87,53,35
4,51,44,34,100,17,38,100,16,56,20,106,58,56,78,58,5,49,37,160,208,36,21,51,21,86,20,58,19,49,32,126,5,36,81,17,54,18,74,41,0,1,2,33,81,36,66,58,34,57,111,52,40,134,225,21,165,193,16,126,98,108,16,82,57,48,106,86,21,44,17,32,58,52,36,65,44,35,4,36,81,0,57,38,41,32,87,17,0,92,2,66,107,50,56,21,19,227,97,50,126,210,125,96,19,4,100,49,111,35,100,37,57,80,0,74,34,36,96,57,106,37,52,16,107,52,35,38,37,44,18,20,65,107,5,92,21,81,122,86,92,16,36,21,140,41,122,40,35,0
1,3,0,2,33,53,0,96,53,21,80,92,34,50,3,38,1,162,104,227,154,41,41,48,111,53,92,18,58,96,41,18,111,104,0,48,53,210,32,3,86,49,32,96,92,106,126,80,87,66,104,19,92,104,174,157,181,128,96,106,17,64,54,66,58,74,122,38,56,107,17,64,36,100,125,66,19,81,33,80,78,100,38,227,4,1,74,3,20,97,57,65,0,16,49,92,52,3,56,18,81,152,33,37,227,97,98,227,32,19,227,19,33,126,82,21,21,104,16,54,87,122,4,16,2,57,57,50,1,1,140,87,1,4,74,48,57,96,122,56,111,35,64,34,53,227,64,100,44,79
38,32,38,0,32,57,33,51,0,86,16,96,87,111,210,53,38,144,245,19,34,64,87,100,78,18,5,100,32,34,37,54,97,18,97,53,40,65,78,4,87,37,74,80,2,125,100,78,140,38,108,74,56,161,41,36,209,51,140,104,65,41,97,125,17,82,122,52,92,19,100,38,108,51,108,56,21,100,96,140,2,87,1,100,210,81,227,49,35,100,78,64,92,38,38,66,98,208,92,49,79,176,157,2,17,44,56,50,34,96,100,36,18,79,111,87,97,64,81,41,210,79,65,54,111,140,50,49,108,41,96,48,125,81,2,56,32,125,96,80,34,49,33,32,65,80,126,140,106,48
17,108,38,126,66,32,80,17,40,82,54,48,40,125,122,18,56,106,58,79,225,17,104,54,100,5,122,140,106,140,18,125,40,57,57,107,5,40,210,20,78,111,87,48,20,41,107,4,64,51,44,92,106,209,160,49,38,246,97,54,38,86,64,82,17,40,40,66,34,107,82,86,107,87,104,140,36,65,100,79,52,227,0,44,64,125,37,52,17,100,92,51,1,86,100,0,74,161,107,56,51,53,48,54,106,98,79,140,18,40,92,57,33,79,82,33,49,86,78,54,48,65,36,82,227,125,125,86,48,36,78,100,140,52,37,51,34,79,34,126,18,74,107,21,126,96,82,54,65,57
48,82,86,107,58,126,106,97,78,32,111,21,41,57,40,64,51,0,168,133,65,36,96,44,78,37,111,51,107,53,64,104,79,125,21,65,53,2,86,104,98,44,122,18,44,5,106,41,52,82,33,41,210,149,209,74,146,153,210,108,81,65,32,4,86,66,106,57,126,33,74,80,19,50,66,34,5,19,49,140,111,58,87,81,97,96,66,51,2,86,82,19,33,66,48,33,1,130,156,118,37,50,210,92,32,96,126,51,64,4,81,126,3,126,82,32,0,49,106,36,227,82,97,81,126,4,20,97,3,227,64,52,125,78,96,106,17,107,79,50,66,66,86,65,41,5,65,33,56,97
92,34,81,65,108,19,78,111,98,51,33,111,33,92,5,51,48,134,111,175,97,33,82,32,53,34,86,20,81,20,64,44,64,57,98,66,21,54,40,37,106,32,38,51,54,111,4,38,210,227,16,44,48,50,125,172,40,197,104,80,2,92,79,106,78,41,79,210,87,53,38,107,18,41,18,125,122,44,81,40,44,3,41,34,34,1,104,20,86,79,108,140,106,18,3,96,98,155,170,40,80,44,58,53,5,50,122,36,111,122,5,82,57,79,52,53,5,82,74,57,37,54,51,81,82,81,36,1,79,21,51,34,3,111,100,4,74,19,37,20,0,3,51,97,65,20,21,122,58,96
33,86,107,41,125,48,1,34,56,16,111,50,53,35,52,98,49,225,3,36,173,20,38,125,87,98,98,0,38,86,1,57,37,104,79,54,2,33,108,86,78,58,126,41,4,51,21,48,20,54,65,38,106,66,197,74,227,157,17,140,16,4,111,32,5,5,125,19,49,64,100,104,104,111,210,38,19,32,79,48,56,54,20,54,57,33,49,18,51,5,64,65,54,98,104,58,98,86,32,82,107,82,81,17,58,81,74,33,81,111,140,5,0,17,51,0,227,52,140,108,78,64,48,104,122,16,87,65,92,20,57,52,64,38,32,37,16,80,122,54,1,48,98,17,78,19,49,227,108,35
66,227,1,106,44,87,111,111,98,33,65,82,37,37,40,111,65,153,64,58,32,49,65,56,56,38,107,1,32,100,86,50,35,52,35,5,16,21,19,5,104,32,96,227,48,66,81,18,5,79,210,111,210,17,111,197,130,173,79,227,100,49,16,37,52,87,40,40,21,125,34,92,57,96,35,97,74,79,50,80,80,16,126,78,78,44,1,4,56,49,5,210,87,86,40,161,227,53,98,51,17,37,2,100,86,16,52,54,86,140,0,35,16,100,35,40,50,51,98,44,5,40,3,38,36,227,5,106,122,65,82,36,54,58,126,4,98,66,0,98,111,36,44,2,66,52,40,4,98,79
4,100,20,111,111,106,33,107,53,97,53,0,44,33,20,65,38,48,162,145,108,50,18,1,52,210,44,3,107,107,87,82,56,32,111,48,1,82,79,79,40,52,54,33,58,52,4,104,44,74,82,97,107,57,66,81,41,86,74,18,92,2,96,5,126,38,81,210,104,41,64,98,33,50,122,4,57,58,49,5,40,38,50,1,122,65,79,104,52,133,208,20,134,53,51,51,44,56,65,5,20,106,19,53,78,111,51,21,140,57,54,81,44,87,92,48,97,48,107,17,66,34,17,5,20,51,33,122,86,87,41,48,40,58,38,64,53,34,98,106,32,125,32,100,98,64,108,56,19,32
32,3,100,140,108,0,58,5,58,54,1,36,44,20,16,122,78,246,57,82,177,107,32,20,107,125,66,16,54,98,86,50,97,0,36,79,53,35,104,35,78,35,1,21,34,4,126,18,54,40,87,41,36,213,41,64,16,152,98,34,35,107,0,52,106,98,80,81,210,104,227,104,81,18,36,140,18,98,5,49,51,79,18,96,168,208,230,197,133,198,193,198,98,86,79,44,92,106,56,98,87,140,106,5,74,2,107,16,79,38,81,57,44,19,98,32,17,35,106,92,16,21,64,38,38,19,64,97,35,79,108,17,82,107,57,92,81,50,125,80,44,122,51,40,5,34,210,1,21,0
122,21,122,3,18,44,64,52,107,53,125,53,86,210,41,2,52,177,169,38,58,21,122,38,0,79,35,0,65,16,125,40,107,98,140,34,80,106,57,16,5,36,32,64,0,1,19,16,5,74,79,52,79,34,192,159,156,181,96,18,87,3,20,4,57,50,18,53,65,41,58,44,38,79,2,96,80,33,0,2,111,79,36,79,108,153,118,18,81,20,51,54,1,96,81,111,38,2,56,111,3,140,79,16,106,82,50,80,100,54,87,79,210,5,2,106,37,56,18,78,56,20,21,108,82,41,0,21,44,0,106,34,53,4,122,111,100,106,57,111,86,58,2,52,5,21,54,50,64,41
66,97,52,37,4,38,64,33,74,37,107,5,53,100,97,58,227,4,157,79,100,92,38,34,140,18,100,57,53,40,48,50,54,81,57,81,2,92,56,227,44,65,37,78,64,81,18,97,34,34,56,53,57,3,154,176,125,5,66,18,125,2,111,98,107,37,125,106,111,122,56,34,48,107,51,57,81,111,210,78,86,97,65,4,4,17,197,64,157,16,64,140,56,65,97,78,33,66,96,49,38,41,210,92,44,65,50,80,3,108,37,98,37,54,21,57,33,50,35,35,52,100,1,37,19,74,51,87,78,86,140,106,140,5,96,79,125,86,125,57,64,125,5,58,32,53,106,48,34,79
66,50,35,1,56,74,21,57,82,66,4,96,56,34,122,81,56,36,165,160,66,52,5,33,140,53,49,65,36,20,65,48,87,122,19,64,51,227,126,18,64,36,65,108,44,20,97,57,74,41,80,140,227,0,149,21,122,54,0,1,74,0,57,92,3,44,1,38,40,19,81,37,74,20,20,34,140,82,56,21,82,41,56,78,50,54,106,48,0,108,19,32,35,100,35,17,80,87,50,125,74,3,97,106,64,53,16,65,79,100,19,1,41,107,210,107,36,108,52,96,52,92,41,64,57,50,57,111,0,3,96,81,3,41,52,87,44,2,5,18,65,97,100,227,38,82,16,49,19,18
38,3,48,40,80,36,126,53,82,33,80,19,87,64,53,50,66,144,168,37,100,0,66,100,104,227,53,82,210,100,97,82,20,65,58,54,53,66,49,140,35,96,36,98,210,53,100,37,35,104,54,56,50,74,53,38,146,56,87,107,66,50,92,17,53,16,104,58,18,17,227,122,19,122,32,96,18,53,18,2,32,0,122,36,197,41,213,182,154,158,20,126,38,80,3,96,37,210,51,100,50,64,40,33,21,87,41,16,96,34,19,64,49,227,106,98,52,64,210,64,19,58,64,54,20,36,86,41,74,96,35,65,100,37,98,107,122,140,96,81,41,16,4,41,3,54,52,98,86,19
34,53,122,20,58,54,57,51,36,53,82,51,20,51,86,98,87,210,111,82,2,106,32,0,1,54,2,2,125,64,4,48,107,37,82,56,48,35,106,140,140,1,97,44,0,126,122,56,20,4,80,140,32,170,198,125,160,245,52,33,40,81,86,3,79,49,52,2,96,0,50,20,5,106,44,126,65,20,80,41,86,96,0,51,169,155,175,3,134,65,134,117,162,82,54,214,3,50,166,154,122,17,52,54,32,58,106,35,140,21,53,66,17,97,16,36,56,78,125,227,227,108,74,92,53,64,66,140,44,74,17,98,40,32,106,66,32,57,210,58,92,5,81,126,36,108,57,96,2,56
38,44,97,65,36,57,122,17,38,5,2,21,53,106,54,96,64,19,86,104,35,35,4,37,210,106,34,4,52,0,106,111,126,86,21,78,44,96,51,21,98,52,3,5,21,107,40,40,53,58,34,32,56,107,19,178,168,173,107,53,19,87,57,106,17,3,122,1,106,1,37,108,0,126,38,36,210,49,32,126,79,4,21,20,78,82,38,133,97,35,229,80,122,1,54,53,246,19,177,210,52,97,40,155,58,96,65,49,66,125,54,40,66,80,111,96,21,2,96,125,33,5,21,21,125,21,20,44,17,58,106,82,5,79,40,35,3,53,3,37,82,53,98,17,65,100,19,82,21,111
82,58,74,53,48,126,100,74,210,125,81,48,0,86,50,16,35,19,20,58,44,4,66,125,40,17,5,36,49,98,210,20,126,100,87,18,87,126,38,21,18,44,17,64,92,97,56,52,79,37,20,78,48,152,122,145,192,198,111,58,100,40,53,100,58,104,19,125,78,35,5,50,20,1,53,35,87,80,78,34,33,51,54,3,79,111,21,32,140,81,37,108,54,100,107,35,3,97,57,107,96,108,0,194,5,104,37,104,34,53,126,81,80,51,20,210,37,53,58,32,66,33,50,54,1,210,19,41,41,18,82,122,19,40,51,56,20,56,3,97,34,87,2,108,41,34,53,58,79,100
49,37,34,20,100,53,82,32,5,18,34,66,49,20,32,32,3,106,53,51,44,106,210,86,16,86,92,58,49,5,122,41,48,125,74,1,86,49,51,44,108,98,17,74,140,4,33,2,87,38,92,96,3,53,0,36,32,100,82,57,48,108,66,227,32,82,58,38,33,38,4,19,18,80,66,38,97,3,35,104,97,2,106,33,96,210,51,16,74,5,78,122,34,97,92,3,41,50,37,125,16,140,17,209,97,35,57,108,104,86,51,58,79,100,38,52,210,53,54,19,87,34,66,66,58,126,92,53,18,17,3,18,18,210,20,66,18,122,78,86,1,96,122,111,125,126,57,40,79,34
49,49,86,86,74,98,34,79,227,86,52,49,52,44,64,19,48,36,44,98,96,227,56,104,80,1,19,57,108,33,100,100,125,140,5,80,32,79,97,1,34,74,1,104,64,56,92,0,16,20,87,210,64,100,3,106,126,161,54,210,0,107,5,107,32,50,33,100,81,36,227,96,82,97,56,108,51,4,37,98,79,17,74,0,36,5,36,56,64,54,92,32,125,53,86,40,32,18,107,0,227,66,92,33,50,79,208,181,58,108,4,210,53,227,38,48,52,21,92,140,4,18,54,17,210,5,5,17,81,32,5,50,34,74,0,78,51,37,3,97,111,126,50,210,33,87,44,66,111,78
227,98,56,36,96,86,2,97,16,36,74,20,57,108,81,50,38,49,160,134,168,41,65,18,107,49,125,86,38,122,58,34,122,57,18,4,40,106,19,53,34,2,5,107,78,0,18,57,96,140,98,34,18,79,52,149,214,171,122,3,44,41,92,36,64,3,87,38,32,35,78,108,122,3,96,51,20,33,44,4,35,122,125,81,56,51,41,227,35,19,0,104,107,96,58,1,86,34,21,36,140,17,36,53,34,41,32,4,198,78,154,21,168,229,57,145,145,16,37,57,140,2,40,140,4,122,158,229,225,171,32,2,171,80,126,32,178,80,64,129,58,157,92,79,65,171,98,56,21,165
81,111,34,34,37,2,140,96,44,100,19,40,125,78,37,4,19,54,34,173,51,170,210,66,35,1,1,140,98,87,111,58,48,107,54,97,96,104,66,97,1,36,52,80,107,50,35,97,92,1,54,41,87,65,128,100,3,146,78,44,40,65,104,57,81,36,111,16,17,33,50,37,36,4,106,97,104,140,97,40,56,38,65,52,108,18,34,18,66,104,0,16,56,2,16,4,33,57,96,125,2,86,21,65,0,0,107,56,194,156,125,130,126,106,18,66,227,96,5,125,20,58,57,92,229,54,20,171,155,108,182,98,149,41,213,172,126,50,49,193,86,97,144,65,156,78,33,53,178,225
41,32,32,35,53,18,1,19,3,21,87,17,140,125,81,58,37,125,16,58,1,16,53,58,38,5,140,37,1,48,37,44,81,125,16,96,210,98,97,38,56,48,92,32,51,41,37,56,96,36,4,111,41,79,36,146,126,36,92,54,81,64,64,111,38,33,21,111,37,98,92,64,97,44,54,122,64,48,2,3,21,104,44,57,108,81,125,44,0,74,227,122,20,1,56,80,52,49,36,50,52,64,210,82,92,54,107,2,35,74,155,21,34,245,50,58,153,66,40,79,53,4,86,78,210,245,134,78,49,156,92,87,159,65,17,133,168,133,246,32,225,52,44,245,58,149,100,159,157,126
81,57,108,87,3,92,1,74,50,57,87,3,4,106,21,65,54,41,19,165,140,2,210,36,16,33,64,97,44,108,106,122,3,108,53,82,98,48,227,82,48,122,107,40,78,19,17,35,1,126,126,56,20,3,213,97,134,227,79,86,79,37,78,96,66,21,37,35,79,17,92,98,19,54,86,34,35,106,18,3,19,1,38,16,100,0,57,52,210,80,104,38,79,1,5,58,0,16,78,106,97,36,18,4,37,36,3,74,40,208,96,80,111,210,80,86,5,21,79,37,3,92,41,225,157,245,44,56,87,58,49,126,107,126,106,64,35,54,53,33,19,4,4,33,21,58,54,96,19,140
36,4,140,107,98,37,126,51,34,57,97,44,35,53,19,20,40,54,149,173,92,226,51,81,35,18,79,79,54,36,227,96,104,140,33,82,96,37,0,107,227,36,0,86,107,16,80,44,81,106,51,51,82,145,133,214,169,150,126,33,107,125,54,52,21,87,36,16,87,122,56,79,32,87,92,92,107,35,126,78,58,57,86,1,87,4,78,108,65,107,107,34,66,36,111,4,4,52,49,54,2,44,34,17,21,82,82,44,0,79,214,170,117,41,5,97,96,21,48,21,49,107,51,37,174,157,111,178,78,111,98,92,33,107,51,80,5,50,5,21,2,19,20,0,79,37,54,35,122,74
122,87,5,100,3,100,21,48,3,56,82,48,78,54,64,92,38,49,0,38,171,158,66,36,48,3,53,34,210,21,5,107,49,122,52,125,20,35,107,21,57,92,2,104,54,100,51,125,48,17,108,78,98,146,130,117,122,38,78,20,81,41,16,53,82,96,140,48,17,35,65,126,17,140,44,34,106,111,35,81,96,35,1,122,36,0,87,0,2,92,106,106,98,210,65,140,96,52,100,80,65,56,44,32,5,51,21,16,41,21,130,172,152,107,170,108,19,126,48,49,122,65,104,16,118,98,57,32,50,52,17,82,5,96,41,210,35,80,48,96,126,20,92,32,41,56,86,34,40,107
49,19,49,227,57,51,1,48,2,4,92,40,87,18,97,56,18,33,104,157,153,56,107,87,82,126,210,100,1,50,80,81,0,74,34,98,78,98,18,20,210,78,81,48,65,227,82,140,52,111,17,54,18,194,173,129,160,79,210,111,107,2,17,3,125,20,82,38,16,5,96,32,51,3,52,100,81,104,122,111,52,107,33,52,21,44,20,140,64,32,98,21,108,51,96,82,53,126,48,98,210,51,56,79,54,108,58,35,134,173,65,2,227,106,227,157,224,210,104,227,49,64,41,58,35,165,66,56,100,125,4,0,108,33,53,80,1,5,65,210,80,108,5,44,140,87,49,100,97,34
106,100,50,81,96,21,5,126,96,96,50,82,41,41,2,21,104,5,230,2,174,182,2,35,54,108,74,80,104,100,0,17,96,100,78,210,111,40,48,50,40,51,54,4,56,227,35,32,3,81,33,49,92,34,197,227,140,104,96,108,53,122,16,2,3,1,74,66,57,16,81,36,40,50,17,58,92,80,78,2,19,54,111,98,86,20,81,107,96,16,87,98,58,54,56,35,40,140,79,1,111,97,20,106,53,80,140,111,33,104,106,2,0,2,108,33,227,17,97,166,98,36,98,192,165,146,213,3,107,106,36,74,82,97,125,41,64,5,0,78,108,0,80,41,96,80,122,21,32,64
4,34,78,56,66,34,64,92,3,20,20,4,108,86,108,19,20,227,172,92,129,210,3,19,111,38,34,66,104,210,18,126,52,122,35,125,87,37,34,21,3,44,36,37,82,87,36,74,111,79,107,65,52,108,156,54,157,159,82,66,100,44,227,44,3,210,57,37,21,17,2,140,97,48,3,125,21,92,44,44,50,92,80,106,16,140,5,106,37,92,21,18,92,19,38,92,21,108,32,104,66,57,98,96,4,21,52,5,126,52,97,104,108,17,5,92,58,48,1,5,5,98,21,57,144,78,37,174,36,53,33,41,44,52,37,54,106,33,78,106,50,82,107,48,48,80,4,56,34,52
87,56,97,108,122,108,2,33,18,16,107,18,21,111,122,20,104,58,161,98,128,209,38,38,40,96,81,18,5,66,38,100,111,57,18,4,87,74,65,87,0,18,35,126,111,56,52,18,108,65,44,98,50,19,20,18,52,133,37,79,58,107,98,48,86,34,92,111,96,125,0,19,82,80,41,33,35,53,2,210,80,96,20,126,66,96,106,80,81,79,53,56,87,210,18,52,80,35,66,34,54,3,107,4,65,81,50,87,20,79,56,82,36,38,106,106,74,65,51,35,35,51,16,17,229,106,198,41,53,32,140,140,41,111,56,50,65,16,35,126,5,97,35,33,66,3,17,5,21,5
49,17,52,227,35,32,106,80,33,96,210,32,86,104,126,48,5,19,133,245,64,82,140,53,32,74,16,66,86,125,86,78,16,32,56,125,97,53,125,48,81,122,49,41,64,50,65,57,16,125,96,53,4,165,172,2,86,208,92,18,106,49,79,126,35,79,1,210,92,36,54,82,126,111,38,106,21,53,48,108,41,140,122,33,82,96,16,96,64,210,74,126,107,1,111,2,65,74,44,80,64,19,56,64,49,44,106,210,122,108,37,51,48,81,210,49,18,98,87,21,210,32,58,176,159,50,153,157,32,5,0,48,36,82,52,35,34,48,104,20,96,210,48,32,16,50,34,100,2,125
53,86,210,51,32,33,227,87,87,65,0,98,36,80,107,38,58,16,175,130,194,1,140,78,82,106,4,64,78,54,44,100,44,92,34,125,33,81,108,49,44,21,78,35,51,97,57,54,40,100,80,52,81,128,97,176,226,227,33,49,66,107,64,2,111,104,52,51,140,41,50,140,1,3,32,210,5,32,32,65,96,49,37,35,227,79,49,98,80,82,38,35,36,40,125,140,87,2,20,19,78,38,21,65,86,5,100,34,50,79,58,210,52,19,48,65,96,57,52,65,44,16,122,224,160,107,172,181,3,44,18,58,100,34,1,44,40,21,41,98,126,49,66,3,106,140,57,58,125,36
57,16,44,227,21,48,35,37,104,108,140,37,16,1,32,122,140,40,153,177,37,165,48,20,78,20,17,140,40,66,50,87,107,54,37,0,87,57,36,44,19,100,66,3,92,92,21,100,54,100,36,49,122,229,133,210,20,64,57,227,21,52,97,96,79,54,122,97,32,56,3,96,125,57,54,33,48,21,65,32,48,80,79,21,16,1,34,20,87,54,125,44,48,33,19,5,74,66,4,49,21,53,107,125,108,87,16,111,106,140,41,122,57,41,106,65,37,140,36,100,33,107,20,106,210,152,104,18,140,32,122,56,38,97,21,49,20,79,104,140,44,37,33,87,108,227,122,80,52,66
227,100,57,20,104,56,34,87,106,1,79,34,2,125,1,3,38,32,130,192,111,118,0,18,58,122,79,87,17,51,126,34,20,126,104,65,34,40,52,57,16,126,41,96,81,140,40,104,32,104,52,34,1,78,125,86,19,38,1,82,5,35,38,111,140,50,50,49,19,54,125,126,227,4,98,98,98,98,58,5,210,17,0,125,40,16,21,82,44,53,38,32,126,50,125,79,48,106,210,58,57,51,49,87,3,41,82,98,36,34,21,35,96,92,4,126,107,106,52,2,16,104,37,165,159,209,86,150,92,108,140,97,111,108,35,210,66,53,97,56,50,38,98,52,1,49,32,82,35,5
33,229,82,106,74,5,194,36,155,40,125,144,104,176,150,129,36,156,230,17,38,194,38,224,150,35,5,153,49,208,4,144,133,108,224,49,197,118,159,173,166,33,81,194,37,92,125,38,168,165,129,98,209,155,172,80,2,153,35,96,155,245,53,153,129,106,35,133,168,118,158,65,49,177,37,48,51,192,245,133,0,41,130,126,178,33,158,157,32,82,50,162,0,227,214,19,224,108,52,170,49,133,52,175,49,162,129,57,152,157,86,33,2,4,74,230,106,21,150,129,98,134,74,80,33,152,52,213,79,96,40,44,34,111,40,40,81,56,52,4,34,44,36,36,92,2,44,40,111,126
181,108,1,171,213,169,58,79,32,17,4,41,193,17,146,170,36,64,226,36,44,108,117,56,140,19,192,128,3,157,146,97,224,157,181,162,96,168,122,178,125,152,197,162,134,224,150,182,178,161,66,48,198,224,107,230,213,40,80,150,175,44,35,194,210,117,50,154,34,98,157,79,130,53,64,33,134,145,198,64,52,57,128,37,230,130,198,51,65,66,229,126,165,146,49,2,108,32,78,176,158,50,176,133,21,111,54,210,230,107,87,145,106,176,32,100,176,64,140,177,86,50,20,104,82,52,40,48,57,79,96,111,80,32,2,86,65,87,125,16,37,21,52,98,36,38,18,57,108,125
227,172,213,36,106,53,174,146,156,173,78,32,111,150,104,178,51,86,229,5,230,107,166,33,174,126,122,246,172,144,56,36,197,170,177,176,4,74,51,41,155,245,65,51,92,33,41,166,33,210,165,122,156,198,160,108,52,182,118,174,19,54,146,208,41,145,155,2,161,65,146,125,82,65,174,154,54,18,175,213,224,208,0,129,176,118,178,0,54,96,171,227,145,106,194,17,174,182,18,193,57,145,64,129,98,32,79,57,104,177,177,213,159,197,74,226,134,213,20,176,78,49,79,66,208,171,133,149,92,97,34,19,210,82,2,49,33,64,80,4,125,5,86,64,0,92,66,106,111,74
171,154,128,111,33,65,49,98,64,160,81,50,57,98,213,49,96,177,98,208,226,157,144,106,58,36,154,170,175,230,79,56,104,193,192,128,32,53,122,150,53,226,125,154,133,214,154,87,98,78,156,178,169,117,129,117,5,34,172,134,74,172,37,40,193,161,122,128,2,111,33,18,81,2,87,158,229,197,159,57,38,224,152,161,2,65,246,230,144,52,58,145,38,246,173,182,56,133,44,86,51,134,140,182,111,66,150,100,246,157,49,174,246,150,182,146,44,172,168,0,209,107,66,152,32,96,104,37,37,17,122,65,107,21,79,37,82,108,16,41,32,79,100,21,20,36,98,50,50,35
81,52,33,74,87,64,51,36,98,125,50,18,210,16,80,49,33,111,104,2,57,82,17,210,57,111,52,122,52,56,140,98,40,4,16,5,38,0,74,74,74,111,16,53,3,98,227,20,52,19,51,126,0,40,126,38,87,40,97,56,1,79,18,5,52,108,56,81,3,41,48,41,97,16,54,3,144,104,21,37,18,122,53,32,16,227,34,20,4,126,34,54,97,21,97,52,36,41,1,20,48,41,56,0,3,97,5,18,38,18,44,32,2,5,81,108,125,51,58,37,79,32,97,106,56,4,107,140,125,82,66,82,57,51,1,40,96,79,106,126,51,107,21,66,57,0,106,106,106,66
227,87,44,2,16,126,106,50,79,35,51,81,37,86,74,54,86,58,126,78,82,86,19,34,34,65,96,21,32,66,79,111,108,80,20,57,18,74,106,104,2,100,53,0,2,98,108,64,81,0,53,86,104,51,50,140,64,50,51,100,92,38,16,37,51,97,125,125,107,51,79,34,106,50,178,53,210,125,16,20,21,40,140,36,41,97,19,19,97,49,122,18,54,140,36,1,16,53,107,97,53,17,86,4,0,32,0,19,53,125,37,87,86,96,82,51,40,210,33,37,41,32,125,57,125,107,38,65,106,58,104,78,33,74,1,17,81,140,79,35,100,51,52,51,97,125,20,87,1,65
126,18,96,64,1,21,100,38,1,51,56,33,41,21,4,227,126,98,19,56,97,4,106,3,32,92,5,36,33,58,19,100,97,4,100,32,92,100,53,104,18,32,97,38,0,98,2,17,126,37,33,52,41,64,36,126,5,51,227,54,19,92,44,36,87,58,32,210,50,56,20,32,96,21,182,41,145,208,35,38,36,54,97,53,19,108,125,53,57,16,140,37,108,125,107,36,38,2,40,38,56,19,106,78,78,20,54,100,33,35,227,78,34,58,20,58,57,20,125,18,126,16,98,81,78,57,78,19,65,0,53,3,107,111,66,81,18,65,98,56,111,41,52,34,108,33,210,57,5,18
97,126,53,74,41,35,210,87,35,97,32,106,48,81,37,5,38,34,54,21,37,87,19,20,32,21,3,20,64,104,66,16,16,80,52,51,66,104,96,21,1,32,78,38,53,87,210,125,48,16,86,87,96,32,106,80,58,97,33,1,87,34,34,66,35,32,97,64,106,125,36,125,20,51,106,5,157,170,111,34,34,106,21,81,18,78,87,79,18,227,21,140,18,21,20,16,125,41,20,40,106,16,0,126,16,104,79,54,66,33,92,78,82,34,44,34,74,126,126,17,49,4,78,34,3,97,74,82,140,108,140,36,21,81,36,64,32,53,58,2,125,96,65,35,227,106,64,37,4,78
64,37,48,49,38,34,79,104,126,98,49,34,96,227,21,66,64,106,2,2,4,96,98,111,32,100,96,107,20,2,100,16,64,4,4,1,140,52,58,82,108,0,2,1,0,96,36,41,40,65,140,50,20,65,33,0,50,57,40,37,16,92,82,49,100,80,53,227,18,140,100,111,82,49,52,213,1,144,52,106,3,44,35,0,80,51,92,4,80,87,44,57,79,126,38,78,51,37,38,37,54,125,0,34,100,210,16,16,74,18,81,96,20,86,106,65,126,34,86,3,78,40,82,104,1,0,33,18,5,78,66,18,44,65,66,79,38,37,86,104,3,34,122,44,50,122,107,35,0,100
4,41,37,111,21,54,98,34,54,19,38,97,35,34,2,40,210,58,81,1,92,3,49,80,53,44,56,32,34,50,64,98,92,106,37,82,0,66,40,3,104,66,1,40,210,51,48,100,126,20,35,80,80,79,4,106,4,106,107,66,0,111,140,97,122,210,79,81,36,74,18,36,2,125,176,97,194,16,37,87,104,74,104,92,49,227,126,51,32,210,16,100,98,35,80,80,82,81,37,2,227,3,38,78,36,20,140,21,86,80,227,51,80,58,49,21,51,57,126,81,21,58,74,48,19,16,82,44,50,36,126,107,92,107,18,210,36,54,37,57,87,52,50,98,21,82,4,227,104,82
98,104,44,16,3,56,52,108,125,35,108,79,53,126,3,38,33,96,1,96,34,18,65,98,82,227,35,36,92,38,79,80,49,35,52,78,53,33,108,4,227,56,65,74,100,56,126,80,3,126,44,38,78,58,82,86,98,32,57,5,57,100,17,66,108,38,79,97,87,17,108,21,49,210,5,111,98,56,97,51,96,0,210,4,57,65,74,4,19,52,16,33,98,74,44,37,52,86,56,19,125,38,82,4,92,82,108,107,49,140,125,33,74,108,74,18,108,56,98,107,92,104,35,51,227,98,108,49,33,104,80,111,33,74,16,210,58,96,49,107,104,2,32,37,111,0,36,65,98,78
74,51,227,19,80,48,34,17,51,5,79,1,210,41,122,122,65,97,58,17,2,64,3,38,21,122,104,96,2,74,82,48,18,74,80,227,18,80,106,86,41,107,108,32,104,225,226,32,54,224,87,79,44,51,79,140,104,106,87,122,41,106,35,74,65,17,80,64,98,37,107,52,2,64,49,169,52,107,111,86,125,122,104,65,79,0,125,20,20,48,2,44,38,107,38,54,41,40,40,51,125,51,33,18,227,64,21,210,44,108,56,19,74,66,86,111,54,41,210,87,19,125,34,107,17,53,41,104,48,32,53,16,40,49,64,56,3,44,50,17,80,36,64,21,66,33,41,111,17,227
111,82,66,227,106,4,2,49,35,97,98,36,140,33,58,227,58,48,66,52,52,57,92,111,106,32,106,44,122,52,98,50,126,65,227,104,65,80,57,52,210,64,57,38,49,108,56,156,210,35,178,74,82,125,126,214,48,208,173,1,34,41,214,173,81,134,18,192,106,32,64,160,87,3,156,53,125,2,227,97,194,154,4,100,32,122,210,150,230,172,133,56,130,41,106,36,34,126,0,117,176,38,97,53,181,176,157,100,198,106,82,79,166,37,160,49,210,125,20,3,159,1,66,160,21,225,51,227,51,86,54,214,171,34,111,129,193,5,129,5,194,181,21,36,149,150,198,106,54,210
78,106,51,125,49,51,66,17,36,36,97,140,97,97,104,2,34,50,66,21,64,5,0,210,20,82,227,57,82,34,33,97,5,48,58,80,80,19,65,65,38,125,98,56,36,40,125,80,4,33,111,44,171,161,5,53,104,57,108,198,107,52,175,140,86,154,54,117,226,38,122,1,168,149,192,98,176,171,150,144,98,78,154,53,107,34,32,198,166,154,81,48,245,194,144,225,181,65,125,144,66,97,111,198,17,16,21,32,118,177,133,79,86,86,5,56,16,54,34,146,146,19,98,170,197,230,117,156,32,33,98,86,5,194,209,161,246,17,246,74,128,35,170,5,111,214,3,32,74,64
126,108,17,20,1,38,37,44,0,48,79,20,108,36,126,37,44,86,82,97,96,104,19,19,107,4,57,40,32,18,41,35,210,97,66,106,87,5,126,100,66,3,125,140,0,0,100,50,44,98,74,57,40,197,171,226,173,125,194,86,122,2,225,20,159,158,168,18,245,40,108,229,169,20,0,41,19,64,81,37,5,53,21,157,58,146,226,33,165,227,16,213,150,81,194,87,87,48,58,181,171,134,97,100,20,213,74,153,154,176,159,18,118,245,86,74,78,198,226,210,149,178,4,230,41,197,17,226,172,108,111,230,104,17,19,5,106,173,40,166,18,173,97,74,176,225,172,35,246,56
57,64,50,18,80,35,19,50,54,107,51,50,98,86,53,33,5,210,78,2,40,49,87,81,51,96,1,17,52,122,41,96,52,74,32,66,92,79,78,37,98,122,78,41,126,80,38,140,126,4,87,111,82,0,1,35,111,87,126,34,33,96,150,41,171,41,140,194,4,171,65,134,173,170,182,54,178,145,82,156,227,86,177,53,171,79,129,36,38,170,35,214,16,53,4,33,224,173,129,0,53,33,245,150,134,153,181,198,168,140,35,166,171,122,213,118,208,122,34,171,98,134,86,158,128,160,245,224,32,19,38,140,155,79,117,145,192,172,182,125,171,171,230,3,41,108,155,117,133,38
37,126,41,100,92,5,51,100,54,104,227,74,1,21,4,78,48,97,122,33,51,54,33,38,108,41,16,20,1,126,66,40,17,227,49,38,52,108,48,74,53,87,0,44,52,21,108,0,2,125,48,227,78,104,106,104,3,122,50,125,17,66,104,36,20,49,19,79,21,125,50,36,38,41,17,98,57,125,56,106,96,79,0,37,33,21,44,140,36,17,79,1,16,1,17,82,20,56,3,57,96,58,80,58,51,97,78,53,2,140,0,48,108,210,79,210,82,100,2,51,48,74,50,96,16,58,66,0,0,66,125,58,86,54,210,79,92,82,5,50,36,210,97,17,107,210,74,92,108,74
97,38,53,87,37,18,98,0,36,40,4,40,106,5,65,57,86,100,106,96,48,56,98,18,122,3,40,32,79,16,92,51,21,0,210,126,86,64,48,53,106,56,36,56,81,3,36,81,40,100,53,66,36,21,3,34,44,20,18,35,108,125,125,210,79,125,54,104,51,33,20,86,140,54,57,38,32,50,79,104,34,65,108,74,18,0,80,64,51,104,58,37,44,107,140,57,107,44,1,4,41,78,18,96,96,5,38,38,18,49,125,20,107,37,38,21,3,16,37,111,87,0,96,52,96,97,125,35,50,100,5,96,18,96,58,16,16,106,64,82,106,5,65,40,5,122,125,87,18,122
57,74,21,16,54,107,64,80,104,51,210,41,82,51,111,16,126,80,78,35,34,3,21,98,122,104,38,53,78,82,2,227,52,50,87,51,51,107,33,0,106,48,108,37,51,104,92,49,3,125,107,125,33,0,98,126,92,17,122,98,96,0,96,106,50,32,66,19,34,48,1,87,0,35,111,32,3,16,80,79,98,34,96,122,227,36,65,122,21,98,0,122,57,104,3,100,126,35,100,86,4,80,38,122,17,4,86,41,126,140,0,74,19,58,126,106,81,32,16,0,86,34,107,57,125,19,1,0,111,53,53,17,86,19,3,0,122,36,107,50,79,33,106,66,74,49,49,126,21,40
48,33,87,32,108,5,107,33,96,35,50,36,4,18,111,81,78,64,56,18,33,44,44,21,87,64,49,36,82,44,37,97,52,1,19,44,210,33,79,0,21,21,81,36,80,36,17,98,57,97,106,122,96,87,0,49,79,125,210,80,38,140,125,53,33,92,125,92,19,37,87,78,51,87,56,2,78,96,126,100,51,44,210,122,140,58,80,107,79,92,96,51,38,106,3,35,16,86,38,38,79,106,106,98,92,17,74,57,4,66,111,126,210,92,21,48,48,33,210,44,36,40,3,37,125,49,56,210,82,104,107,64,65,92,16,100,1,106,104,16,0,107,64,40,33,52,35,66,210,52
100,227,65,106,53,0,210,78,86,107,40,78,56,1,0,50,97,80,19,100,49,41,32,82,79,18,1,64,65,2,4,18,92,36,19,50,111,111,19,21,51,92,2,227,18,64,36,0,65,64,54,20,74,57,20,4,227,80,97,104,17,96,210,106,52,32,80,54,49,33,227,92,122,107,107,44,104,0,5,111,20,40,65,32,35,74,82,58,98,49,122,0,82,80,52,21,36,16,64,81,52,17,54,53,44,1,80,37,17,82,87,44,126,65,21,210,98,35,122,2,56,3,21,40,140,5,41,92,82,97,80,82,65,64,18,104,17,107,40,4,56,41,126,86,17,65,16,32,2,32
106,50,1,98,40,111,92,86,79,4,2,111,82,38,0,126,100,53,111,52,64,16,40,87,96,210,227,111,78,122,41,58,3,1,106,74,78,20,49,37,19,51,21,80,86,20,82,66,17,57,35,78,53,48,108,106,111,79,122,57,106,74,126,87,37,32,21,19,122,35,210,48,18,17,79,17,92,1,64,64,86,17,16,108,140,126,17,20,49,82,48,122,35,64,33,108,32,17,34,21,58,18,34,81,100,64,100,37,122,125,74,52,97,79,106,38,34,20,4,52,97,4,17,82,17,87,81,41,111,64,107,21,37,80,37,122,51,125,48,4,100,125,78,49,96,104,38,49,56,37
